{"cameraMode":{"drawMode":0,"name":"Shaded","section":"Shading Mode"},"sceneLighting":true,"audioPlay":false,"sceneViewState":{"m_AlwaysRefresh":false,"showFog":true,"showSkybox":true,"showFlares":true,"showImageEffects":true,"showParticleSystems":true,"showVisualEffectGraphs":true,"m_FxEnabled":true},"in2DMode":false,"pivot":{"x":947.9345092773438,"y":478.0660705566406,"z":4.758209228515625},"rotation":{"x":0.019498998299241067,"y":0.0017954078502953053,"z":-0.000049684575060382485,"w":0.9998167753219605},"size":196.29931640625,"orthographic":false}