{"cameraMode":{"drawMode":0,"name":"Shaded","section":"Shading Mode"},"sceneLighting":true,"audioPlay":false,"sceneViewState":{"m_AlwaysRefresh":false,"showFog":true,"showSkybox":true,"showFlares":true,"showImageEffects":true,"showParticleSystems":true,"showVisualEffectGraphs":true,"m_FxEnabled":true},"in2DMode":false,"pivot":{"x":282.9659423828125,"y":315.148681640625,"z":3.321385383605957},"rotation":{"x":0.010810047388076783,"y":0.017680879682302476,"z":-0.00014971644850447774,"w":0.9998376369476318},"size":401.777099609375,"orthographic":false}