{"cameraMode":{"drawMode":0,"name":"Shaded","section":"Shading Mode"},"sceneLighting":true,"audioPlay":false,"sceneViewState":{"m_AlwaysRefresh":false,"showFog":true,"showSkybox":true,"showFlares":true,"showImageEffects":true,"showParticleSystems":true,"showVisualEffectGraphs":true,"m_FxEnabled":true},"in2DMode":false,"pivot":{"x":-0.9934592843055725,"y":0.48849746584892275,"z":11.755354881286621},"rotation":{"x":-0.6697786450386047,"y":0.004504367709159851,"z":-0.004039472434669733,"w":-0.7427098155021668},"size":1.9318456649780274,"orthographic":false}